Customer ID,Churn Probability,Churn Prediction
4716-MRVEN,0.028990130591941048,0
8966-KZXXA,0.01006841821829876,0
8720-RQSBJ,0.3943054172504766,0
7504-UWHNB,0.41044399840560064,0
1730-VFMWO,0.1075541347512425,0
5297-MDOIR,0.06987021242088451,0
1273-MTETI,0.7614672588804672,1
4847-QNOKA,0.44522278629522183,0
2091-MJTFX,0.15483929616938927,0
0118-JPNOY,0.39817724388842635,0
3374-LXDEV,0.5053071145294135,1
1697-BCSHV,0.15695444861086827,0
3070-FNFZQ,0.01461352673157788,0
7586-ZATGZ,0.5086943225654155,1
7786-WBJYI,0.5918001763510393,1
9362-MWODR,0.09372260486636899,0
2391-IPLOP,0.0767889065968726,0
6656-JWRQX,0.3177097306848567,0
1623-NLDOT,0.029424239437220494,0
8908-NMQTX,0.007903855358929167,0
2789-HQBOU,0.7263376070182805,1
6289-CPNLD,0.11318038349686387,0
6064-ZATLR,0.021855607770813513,0
5269-NRGDP,0.06641680759308756,0
1428-GTBJJ,0.611971216218679,1
8474-UMLNT,0.18242625422860487,0
9799-CAYJJ,0.6829590436181047,1
7302-ZHMHP,0.20507410171540008,0
4835-YSJMR,0.022150329910332896,0
9514-JDSKI,0.4293052821990419,0
3842-IYKUE,0.292661810227791,0
9830-ECLEN,0.020624408950562622,0
2696-ECXKC,0.1547908109175034,0
7061-OVMIM,0.02500657335717225,0
6258-NGCNG,0.2024658063729762,0
2692-AQCPF,0.1557383560555859,0
7973-DZRKH,0.029233649702401013,0
8337-MSSXB,0.6564603774025519,1
6893-ODYYE,0.07937854657523147,0
4976-LNFVV,0.24034652275299923,0
9903-LYSAB,0.6153371910848577,1
5469-NUJUR,0.026565145435432792,0
3768-VHXQO,0.002435105072006846,0
5918-VUKWP,0.02362124930089283,0
7394-LWLYN,0.6872791005872215,1
6227-FBDXH,0.13488737911848486,0
2581-VKIRT,0.022475614101267447,0
6030-REHUX,0.6210911694807886,1
1150-FTQGN,0.09662271993115251,0
0980-FEXWF,0.08610929273939096,0
8042-JVNFH,0.6846851029432967,1
6341-JVQGF,0.09852741670065475,0
7789-HKSBS,0.2660798261334061,0
2815-CPTUL,0.6456430854411086,1
6933-FHBZC,0.1254183576680866,0
7684-XSZIY,0.0020574103913885856,0
5056-FIMPT,0.15121023404495199,0
1222-KJNZD,0.054463824742835405,0
7422-WNBTY,0.5760629143996607,1
6646-JPPHA,0.4043430878893149,0
7901-TBKJX,0.4959534922808183,0
0164-APGRB,0.06611250845026531,0
6870-ECSHE,0.09448912861551,0
3683-QKIUE,0.3348592276056691,0
2511-ALLCS,0.0109761910264063,0
5022-JNQEQ,0.5698790110296893,1
8292-ITGYJ,0.010314546347527726,0
9253-VIFJQ,0.021890868566058586,0
0661-XEYAN,0.47507426204717995,0
9796-BPKIW,0.5784377246780794,1
6408-WHTEF,0.016711280552368715,0
9617-INGJY,0.6794123417365217,1
5989-PGKJB,0.641751495154693,1
9661-JALZV,0.005377921981504755,0
0270-THENM,0.005798466769364535,0
8966-SNIZF,0.0016045584924577819,0
6368-TZZDT,0.030630194697529332,0
4385-GZQXV,0.6028447362865593,1
5453-AXEPF,0.5989168936520713,1
9761-XUJWD,0.40035001895935807,0
6650-BWFRT,0.055520320275444644,0
8885-QSQBX,0.2786167040152652,0
6103-BOCOU,0.5849556479954923,1
3466-RITXD,0.44103052991570085,0
3583-KRKMD,0.45619582528987235,0
6906-MPARY,0.16330016349180912,0
8336-TAVKX,0.007795440045363041,0
2722-VOJQL,0.16931886999610926,0
6727-IOTLZ,0.07078676164462196,0
5834-ASPWA,0.7519352840411108,1
1612-EOHDH,0.4032437571044513,0
4631-OACRM,0.6352603016919924,1
9770-KXGQU,0.12478893069818585,0
4988-IQIGL,0.7513300709920925,1
4290-BSXUX,0.6334076171677576,1
5073-WXOYN,0.12120631917460556,0
6425-JWTDV,0.004771481362762052,0
5913-INRQV,0.11994030518650865,0
7551-DACSP,0.4138492603963444,0
9992-UJOEL,0.4543778725528702,0
6007-TCTST,0.057243303573448624,0
5176-LMJXE,0.007631211630761456,0
2834-JKOOW,0.06844339061718237,0
7766-CLTIC,0.37482897985396946,0
9728-FTTVZ,0.6887856187866983,1
6328-ZPBGN,0.7239898220092102,1
0420-BWTPW,0.314921380692352,0
8118-TJAFG,0.6607755569355738,1
3985-HOYPM,0.032422381038686755,0
0239-OXEXL,0.24318093147873074,0
4753-PADAS,0.19912701595705012,0
3658-KIBGF,0.3943558849618206,0
9470-XCCEM,0.5069332176554089,1
5753-QQWPW,0.06830038255184188,0
4365-MSDYN,0.19862655688270472,0
5850-BDWCY,0.1750638056537284,0
7826-VVKWT,0.2215926612104988,0
3692-JHONH,0.3281583193677792,0
5550-VFRLC,0.693284713352307,1
0048-LUMLS,0.19854564246042175,0
0302-JOIVN,0.6491473125509161,1
8099-MZPUJ,0.05240068706991843,0
2519-ERQOJ,0.22508510780055638,0
9274-UARKJ,0.5574062089317806,1
4115-BNPJY,0.04128911258525513,0
1779-PWPMG,0.053489359987639554,0
4529-CKBCL,0.7149623818695404,1
9497-QCMMS,0.798801140694259,1
9057-SIHCH,0.8058937888944807,1
6145-NNPNO,0.3539060706907348,0
5600-PDUJF,0.3077068209514719,0
6270-OMFIW,0.19014353048255714,0
3316-UWXUY,0.20838068069647284,0
7321-KKSDU,0.010728062267704466,0
8878-HMWBV,0.46106587485330247,0
2684-EIWEO,0.33108634139675036,0
4547-FZJWE,0.02337266917694467,0
4750-UKWJK,0.01983644113029269,0
1902-XBTFB,0.5708198780011696,1
5324-KTGCG,0.004946590159389107,0
8714-EUHJO,0.6207932004294243,1
1472-TNCWL,0.5424686219317746,1
3932-CMDTD,0.4658417330388255,0
5727-MYATE,0.01474261754213055,0
6008-NAIXK,0.06790078598922264,0
9506-UXUSK,0.6045855600014375,1
1042-HFUCW,0.0785173773330746,0
4237-CLSMM,0.20199994554433778,0
4588-YBNIB,0.27235996569276066,0
0940-OUQEC,0.6524865350545628,1
9095-HFAFX,0.6423945732318262,1
1400-MMYXY,0.7970762914170476,1
3999-QGRJH,0.6397218686070374,1
7169-YWAMK,0.004582149558415998,0
7831-QGOXH,0.6729224381293094,1
9432-RUVSL,0.052454686309982484,0
1184-PJVDB,0.6632602354313215,1
7534-BFESC,0.5886847539744727,1
6439-PKTRR,0.010084380970665227,0
8309-PPCED,0.07111094369616947,0
6898-RBTLU,0.027230331298415265,0
9692-TUSXH,0.5889053759317249,1
5996-EBTKM,0.01697548212183993,0
3737-XBQDD,0.5447539184272212,1
9943-VSZUV,0.2469275946116991,0
6818-DJXAA,0.6042111028202802,1
7537-RBWEA,0.469822114099057,0
9269-CQOOL,0.4350012110324389,0
8740-CRYFY,0.713802307858421,1
9053-EJUNL,0.5008717389835764,1
9974-JFBHQ,0.23320582435378517,0
3858-XHYJO,0.20699127820153385,0
5168-MQQCA,0.15091796045901465,0
8065-BVEPF,0.3116058296597507,0
0221-WMXNQ,0.5018351679473467,1
2545-LXYVJ,0.001579811385960941,0
1009-IRMNA,0.15539971500462052,0
0164-XAIRP,0.019192988562007945,0
0431-APWVY,0.33524886299092793,0
7337-CINUD,0.027806158441508202,0
2277-DJJDL,0.3859362323862095,0
6918-UMQCG,0.6147702055386368,1
8992-VONJD,0.3033536769198836,0
6384-VMJHP,0.0069185578230804125,0
1389-WNUIB,0.14833554490855982,0
1196-AMORA,0.6212522562482682,1
9242-TKFSV,0.007454362653603782,0
2307-FYNNL,0.0670754372484613,0
1905-OEILC,0.20693004616906938,0
4826-DXMUP,0.1173677156490164,0
7964-ZRKKG,0.13034169961982367,0
9522-ZSINC,0.08815845405556928,0
8313-NDOIA,0.6835025195939698,1
8050-DVOJX,0.01684655506830204,0
7010-BRBUU,0.0019130666919809393,0
1963-SVUCV,0.40441451679484924,0
8920-NAVAY,0.20134545244022548,0
0396-YCHWO,0.6181328643969743,1
1984-FCOWB,0.18298301959722588,0
6305-YLBMM,0.11806967122218669,0
9824-QCJPK,0.020809477630003365,0
1322-AGOQM,0.07254811263201687,0
3230-WYKIR,0.20765839294762367,0
9873-MNDKV,0.36723607206665676,0
9862-KJTYK,0.2541965528157624,0
0411-EZJZE,0.5733505887402478,1
2977-CEBSX,0.017529577831493275,0
7129-CAKJW,0.5096178784083406,1
0376-YMCJC,0.56825305409693,1
8165-CBKXO,0.015161872105487615,0
0454-OKRCT,0.056264061232950476,0
1360-JYXKQ,0.1842099079717133,0
3057-VJJQE,0.025568408579362642,0
6543-XRMYR,0.6491842451548773,1
9921-EZKBY,0.47461094561783934,0
2808-CHTDM,0.021314700268331384,0
0742-LAFQK,0.05954872064369977,0
7089-RKVSZ,0.09235397001717645,0
7404-JLKQG,0.39129867292913106,0
3522-CDKHF,0.32462671585162584,0
8566-YPRGL,0.2717179473636114,0
3346-BRMIS,0.3881370552542484,0
2284-VFLKH,0.1650652753454362,0
8777-MBMTS,0.05371402051502655,0
4291-HPAXL,0.20879837529731005,0
3030-YDNRM,0.7015275836366998,1
0531-ZZJWQ,0.3282273822550631,0
4636-OLWOE,0.04076595533907156,0
5960-MVTUK,0.3942860000275507,0
1589-AGTLK,0.47346657599837083,0
1862-QRWPE,0.00479801188293368,0
3638-VBZTA,0.018075275755987434,0
7277-KAMWT,0.020736356882807137,0
9838-BFCQT,0.002505541398765021,0
5002-GCQFH,0.3338601505523224,0
2675-OTVVJ,0.4061911911989454,0
4139-DETXS,0.00503851327587103,0
9167-APMXZ,0.5919183051864327,1
5619-PTMIK,0.09531043087647685,0
4385-ZKVNW,0.10684023225180954,0
6119-SPUDB,0.0074675031298479504,0
0699-NDKJM,0.08680881202596541,0
0867-LDTTC,0.34737348052842365,0
7080-TNUWP,0.13934809929031508,0
8922-NPKBJ,0.006505169977997567,0
3945-GFWQL,0.37579778105494666,0
4083-EUGRJ,0.15605214052197325,0
8513-OLYGY,0.03615528961779231,0
5146-YYFRZ,0.0019029314548455578,0
2907-ILJBN,0.06508174715403667,0
1597-FZREH,0.4214764741050836,0
7812-FZHPE,0.14149089359226108,0
6919-ELBGL,0.05229085223130813,0
7312-XSBAT,0.31705838080844134,0
1891-QRQSA,0.06420494153266564,0
5155-AZQPB,0.221413464695442,0
9039-RBEEE,0.0845056342513594,0
8413-VONUO,0.6808534271141818,1
6402-SSEJG,0.1003734816448376,0
6322-PJJDJ,0.11914890092456933,0
7966-YOTQW,0.3223598396940762,0
1088-CNNKB,0.02450856481884438,0
3831-YCPUO,0.033679560863798745,0
2672-TGEFF,0.5299063812248058,1
0354-WYROK,0.4899466673939318,0
1684-FLBGS,0.28336844322193794,0
7654-YWJUF,0.09498662796613434,0
1814-DKOLC,0.228690555082273,0
2777-PHDEI,0.6288155252785048,1
0017-IUDMW,0.05401797935544878,0
3521-MNKLV,0.258743920429209,0
9501-UKKNL,0.1014614261086697,0
1760-CAZHT,0.08195554838275529,0
9507-EXLTT,0.6790402962663599,1
0733-VUNUW,0.2447537967933405,0
3063-QFSZL,0.5442884094107072,1
4940-KHCWD,0.003735125093537215,0
3481-JHUZH,0.46546994502160965,0
8262-COGGB,0.27785527805646343,0
6479-VDGRK,0.007959621030608571,0
0208-BPQEJ,0.12433848920201897,0
3413-CSSTH,0.19143321591745507,0
0823-HSCDJ,0.14891279484297434,0
3758-CKOQL,0.12106083286959779,0
2038-OEQZH,0.6423189153171812,1
5136-RGMZO,0.29049335370676094,0
9279-CJEOJ,0.6712983124614895,1
0259-GBZSH,0.7712723081295101,1
0519-XUZJU,0.5982860284716035,1
4302-ZYFEL,0.005743288707145485,0
5103-MHMHY,0.3882213480840161,0
7244-QWYHG,0.025649948693866675,0
2073-QBVBI,0.032385599734562676,0
2732-ISEZX,0.2429258005385706,0
4501-VCPFK,0.15215993750713827,0
7550-WIQVA,0.24427738392151932,0
6347-DCUIK,0.6681653134594133,1
5035-BVCXS,0.6035903018336148,1
1346-PJWTK,0.1617195735112626,0
3771-PZOBW,0.6003669111780554,1
6972-SNKKW,0.17362968034708803,0
3458-IDMFK,0.02083138391284517,0
4280-DLSHD,0.39223778163940437,0
6013-BHCAW,0.029173190111949254,0
2606-PKWJB,0.02474291849420042,0
3070-BDOQC,0.09295451144820244,0
4282-YMKNA,0.6970310951916722,1
3658-QQJYD,0.0387500720016867,0
2379-ENZGV,0.6838297023696601,1
5835-BEQEU,0.748896100791215,1
1624-NALOJ,0.7621845541668566,1
8963-MQVYN,0.13911704317742526,0
4359-INNWN,0.04148168054088892,0
8808-ELEHO,0.7078552414804489,1
1360-XFJMR,0.15657149661425745,0
0734-OXWBT,0.39051440621110256,0
8706-HRADD,0.18416947781437923,0
7207-RMRDB,0.4556706830601435,0
6647-ZEDXT,0.24706219375401792,0
8384-FZBJK,0.47882996565771146,0
4510-PYUSH,0.12230957427935588,0
5197-LQXXH,0.01814773326932734,0
2592-YKDIF,0.21148890594453962,0
7469-LKBCI,0.017512099054533017,0
5630-IXDXV,0.5608084884274459,1
6728-CZFEI,0.15192077812237237,0
3551-HUAZH,0.7455314304740178,1
3655-SNQYZ,0.0349219587805913,0
3106-ULWFW,0.69304699563758,1
1177-XZBJL,0.0235674714612097,0
7295-JOMMD,0.6265013079197541,1
5846-NEQVZ,0.007616290423955045,0
0931-MHTEM,0.138429113468767,0
0617-AQNWT,0.005546766187423896,0
7794-JASDG,0.3855491855382895,0
8782-LKFPK,0.4965546125005721,0
7945-HLKEA,0.023149298586273997,0
9117-SHLZX,0.4737010453433524,0
7139-JZFVG,0.007554691900081465,0
8652-YHIYU,0.2970629531089573,0
9919-FZDED,0.016983853971914188,0
9462-MJUAW,0.4223217915479754,0
4030-VPZBD,0.41322655547554993,0
3878-AVSOQ,0.7028504011059808,1
6581-NQCBA,0.3579970895185986,0
9845-PEEKO,0.05347683183166129,0
8597-CTXVJ,0.013981076542896625,0
4482-EWFMI,0.6847598386708605,1
5597-GLBUC,0.7202776791426545,1
1925-TIBLE,0.7476615734213397,1
4622-YNKIJ,0.07879116235394654,0
9618-LFJRU,0.16413624140851604,0
2454-RPBRZ,0.7223935572553298,1
5887-IKKYO,0.050202807820855705,0
8999-EXMNO,0.018910692556076775,0
3654-ARMGP,0.021728534703924603,0
7471-MQPOS,0.03473858618793089,0
8597-CWYHH,0.2412847103455826,0
2969-VAPYH,0.009354047602521828,0
6275-YDUVO,0.71694395656932,1
9688-YGXVR,0.3407186722118435,0
2479-BRAMR,0.3185035557635447,0
0925-VYDLG,0.6645747804574133,1
6807-SIWJI,0.30450319961907424,0
4824-GUCBY,0.3744182138014119,0
0673-IGUQO,0.21203004610301585,0
8091-TTVAX,0.16205149747818975,0
3546-GHEAE,0.031837227986823466,0
4776-XSKYQ,0.08876237302618492,0
3001-UNBTL,0.692102110115086,1
2810-FTLEM,0.27157872396341176,0
8309-IEYJD,0.6794123417365217,1
3913-RDSJZ,0.0035741621001253196,0
7601-GNDYK,0.00894023517096196,0
6969-MVBAI,0.7268241339980637,1
2257-BOVXD,0.3680001084018893,0
7740-BTPUX,0.13730671884508003,0
9065-ZCPQX,0.008051838384978234,0
7593-JNWRU,0.39376551433250273,0
3308-MHOOC,0.26979759492382904,0
2205-LPVGL,0.08738197141235585,0
5844-QVTAT,0.06613885422087167,0
7401-RUBNK,0.39201715651980007,0
2275-RBYQS,0.47127693739855153,0
6265-FRMTQ,0.010084878746356125,0
0212-ISBBF,0.3701473868987136,0
4315-MURBD,0.49172320698785704,0
5089-IFSDP,0.08306781064986096,0
3419-SNJJD,0.24828016161613056,0
9058-CBREO,0.45170732267961994,0
4906-ZHGPK,0.0701682654833845,0
7162-WPHPM,0.009222002154989582,0
2703-AMTUL,0.041587789233672096,0
9140-CZQZZ,0.011909332099067199,0
7049-GKVZY,0.0856364902240687,0
7951-VRDVK,0.05530828294377832,0
9436-ZBZCT,0.6283952005905323,1
3794-NFNCH,0.21868058429937726,0
5997-OPVFA,0.014706485016491008,0
3092-IGHWF,0.11274787065932729,0
5954-BDFSG,0.06922928823228269,0
6217-KDYWC,0.00471317033971988,0
3739-YBWAB,0.03842542833522747,0
7558-IMLMT,0.003127818573577038,0
3378-AJRAO,0.021514976181889817,0
4255-DDUOU,0.2781806480946054,0
7660-HDPJV,0.6887856187866983,1
2889-FPWRM,0.14351168426193633,0
6400-BWQKW,0.6302724610186937,1
7508-SMHXL,0.5303189345332134,1
3572-UUHRS,0.012293007608513592,0
3956-CJUST,0.39082139351819933,0
3043-SUDUA,0.05438816690670755,0
4080-OGPJL,0.3252062048262618,0
5397-TUPSH,0.08393563922880236,0
1707-HABPF,0.1924311560874234,0
9530-GRMJG,0.025903019587462734,0
4191-XOVOM,0.3131578217432732,0
3992-YWPKO,0.6678782435454615,1
0420-TXVSG,0.012197269902577084,0
6968-URWQU,0.08129022966049544,0
6959-GQEGV,0.18747126402432132,0
7188-CBBBA,0.18510259048103012,0
3509-GWQGF,0.3615443334869563,0
7598-UAASY,0.6127635252662587,1
9424-CMPOG,0.029200255597878713,0
5590-ZSKRV,0.2431422862520714,0
4390-KYULV,0.22727393693692127,0
9231-ZJYAM,0.6921452606538109,1
7115-IRDHS,0.002177531124050399,0
7552-KEYGT,0.011752237198870395,0
3590-TCXTB,0.21148890594453962,0
4710-NKCAW,0.22513414083249506,0
8024-XNAFQ,0.045095986045903313,0
3354-OADJP,0.0816535290026646,0
9755-JHNMN,0.009928624121321032,0
3071-VBYPO,0.5338973309182754,1
1060-ENTOF,0.09747635041807676,0
7167-PCEYD,0.00295581329964741,0
5778-BVOFB,0.33255680527679066,0
4418-LZMSV,0.214389925018579,0
5387-ASZNZ,0.01870560322133838,0
3803-KMQFW,0.21257219760930657,0
1658-TJVOA,0.5661673733904476,1
9548-LERKT,0.014875128019227944,0
2817-LVCPP,0.003782334800809744,0
4257-GAESD,0.37237574462015766,0
0696-UKTOX,0.1735989861191704,0
9391-TTOYH,0.11962147413746432,0
1112-CUNAO,0.6282502703447373,1
9108-EJFJP,0.36318463606806245,0
4998-IKFSE,0.5795870449601066,1
6350-XFYGW,0.7415928845843736,1
8197-BFWVU,0.018643440852208735,0
7028-DVOIQ,0.6111229788051726,1
5522-NYKPB,0.40483376186196,0
6479-OAUSD,0.029027026062282267,0
0979-PHULV,0.34282006185865854,0
8734-DKSTZ,0.6685933108228509,1
0847-HGRML,0.002420583556320869,0
3716-LRGXK,0.07414486686425394,0
1897-OKVMW,0.02263459525386409,0
2968-SSGAA,0.7693412975281213,1
4002-BQWPQ,0.19164170214951912,0
3317-VLGQT,0.6354594237214337,1
1853-UDXBW,0.6943178024443686,1
0608-JDVEC,0.0049812084563138695,0
5364-XYIRR,0.5051379426730485,1
3810-PJUHR,0.0026190574319323555,0
8190-ZTQFB,0.10708579997350873,0
7753-USQYQ,0.04909248907819774,0
2722-JMONI,0.39742627286136895,0
6961-MJKBO,0.0048781712517452875,0
7799-LGRDP,0.010933591130908488,0
6029-CSMJE,0.30617107412081046,0
8805-JNRAZ,0.3604701373961725,0
1265-ZFOSD,0.017361405585879664,0
0541-FITGH,0.4365257706954095,0
8404-VIOMB,0.008319162214849863,0
4329-YPDDQ,0.43980248396211064,0
0623-IIHUG,0.2623863984502819,0
3865-QBWSJ,0.38376656264581405,0
6344-SFJVH,0.1803410026226696,0
7554-AKDQF,0.34270200281708524,0
6906-ANDWJ,0.6113096491353047,1
3717-LNXKW,0.3368503575527549,0
8263-QMNTJ,0.06632791464913887,0
6458-CYIDZ,0.49175975746942835,0
5057-RKGLH,0.02984758977367043,0
5115-SQAAU,0.003594647361338306,0
5622-UEJFI,0.015285360947245153,0
5329-KRDTM,0.010029198388356211,0
6461-PPAXN,0.04494970969946533,0
4452-QIIEB,0.31658816350648467,0
6818-WOBHJ,0.2986596425244613,0
7779-ORAEL,0.01767289834005377,0
6169-PPETC,0.008574565475639275,0
2848-YXSMW,0.0013437914025690406,0
6061-GWWAV,0.04961078325452919,0
0218-QNVAS,0.13383577388943121,0
8608-OZTLB,0.044331360609613894,0
8728-SKJLR,0.3093121087537124,0
8901-UPRHR,0.0643961938055288,0
0013-SMEOE,0.03922432418096955,0
6519-CFDBX,0.48288373793969264,0
4488-PSYCG,0.10941759271411278,0
6849-OYAMU,0.2523760531899465,0
3932-IJWDZ,0.4458435131050839,0
5135-RDDQL,0.008658699432416001,0
1169-WCVAK,0.39505945830411127,0
0742-MOABM,0.2882351691610984,0
4698-KVLLG,0.0035693819105180576,0
1661-CZBAU,0.060404676009470255,0
8644-XYTSV,0.10482063923706048,0
3714-NTNFO,0.44305493597268025,0
0953-LGOVU,0.22212459455772662,0
0464-WJTKO,0.0015378928856245634,0
8593-WHYHV,0.7772935709975893,1
7989-CHGTL,0.27235996569276066,0
7998-ZLXWN,0.1064716363568677,0
4957-TREIR,0.28325342374266743,0
7501-VTYLJ,0.37822209190406963,0
0447-BEMNG,0.09445738598975384,0
0637-YLETY,0.6463938808758873,1
2476-YGEFM,0.48928555867090817,0
5949-HGVJL,0.2979220162681291,0
5939-XAIXZ,0.37453521785409755,0
9847-HNVGP,0.048684144547073954,0
4576-CSAJH,0.08989283848552107,0
4747-LCAQL,0.2240636514469017,0
7595-EHCDL,0.18038813402444717,0
4003-OCTMP,0.07547703079307175,0
7617-EYGLW,0.22159621585297962,0
6447-EGDIV,0.027594685964992618,0
2796-NNUFI,0.007838957871723487,0
6362-QHAFM,0.33694489111430165,0
6838-HVLXG,0.139147763390252,0
8205-VSLRB,0.008758150162054659,0
2276-YDAVZ,0.6850862416846875,1
1839-FBNFR,0.010011016398240648,0
9386-LDCZR,0.09625123909071333,0
3512-IZIKN,0.00562422108152935,0
9675-ICXCT,0.012785638379758801,0
3003-CMDUU,0.5492279478693695,1
6469-QJKZW,0.20277420419863276,0
3387-VATUS,0.7557659416373588,1
5628-FCGYG,0.658001220759358,1
5244-IRFIH,0.626076196584835,1
9092-GDZKO,0.1378885692698766,0
6410-LEFEN,0.3298991382480951,0
8606-CIQUL,0.05162457964430523,0
4742-DRORA,0.1382407065088662,0
7190-XHTWJ,0.018816897554931183,0
9739-JLPQJ,0.041252878164299386,0
6745-JEFZB,0.43588247730984997,0
5939-SXWHM,0.006725138341551142,0
0602-DDUML,0.012444040353682266,0
3132-TVFDZ,0.12516355823925754,0
9734-YWGEX,0.6281383353393801,1
5951-AOFIH,0.22764642911437513,0
0030-FNXPP,0.19389534200564182,0
9229-RQABD,0.059443532402514127,0
0394-YONDK,0.002220122691839819,0
6513-EECDB,0.7402682514369581,1
3295-YVUSR,0.7102980071387591,1
8450-UYIBU,0.2105588560108589,0
9170-CCKOU,0.3993948092794065,0
8260-NGFNY,0.3829975841452349,0
8430-TWCBX,0.010160522065654827,0
4902-OHLSK,0.49370256555575825,0
5562-YJQGT,0.17641697758399189,0
3156-QLHBO,0.19853972711304183,0
5501-TVMGM,0.5430819535123468,1
9668-PUGNU,0.0038741650403389043,0
4686-GEFRM,0.050996104974395835,0
7690-KPNCU,0.0339615834846579,0
6176-YJWAS,0.038571233653627635,0
6685-XSHHU,0.003964797384660066,0
9650-VBUOG,0.009160841110896215,0
9391-DXGGG,0.14126579010539447,0
5975-BAICR,0.06380138084902204,0
8058-DMYRU,0.44008853025084615,0
6015-VVHHE,0.6858138184052661,1
4840-ORQXB,0.40597188810588,0
2252-NKNSI,0.02983204796954735,0
5144-TVGLP,0.5112306122992996,1
6475-VHUIZ,0.17195512025907972,0
1270-XKUCC,0.011297279319063392,0
8012-SOUDQ,0.49563962197261324,0
6859-RKMZJ,0.3865897314845641,0
9878-TNQGW,0.7361712951460435,1
3312-ZWLGF,0.47934687410182886,0
6235-VDHOM,0.3435278478477568,0
0750-EBAIU,0.10810186301577271,0
7663-YJHSN,0.03602148706374942,0
9150-HEPMB,0.019548408450269845,0
4039-HEUNW,0.5796749738774453,1
3165-HDOEW,0.47491357157130115,0
1469-LBJQJ,0.4377583477573525,0
8519-QJGJD,0.5068958223690706,1
5931-FLJJF,0.6286435674928748,1
5730-RIITO,0.07444003272496813,0
5473-KHBPS,0.20300439893103478,0
1895-QTKDO,0.33244210642873623,0
3387-PLKUI,0.12781098638232802,0
5669-SRAIP,0.40480934035238914,0
8158-WPEZG,0.3201761329338073,0
0906-QVPMS,0.03875257809706343,0
6683-VLCTZ,0.6943512152855776,1
8084-OIVBS,0.06359704833092555,0
8665-UTDHZ,0.3983688474954098,0
5371-VYLSX,0.2983861358507191,0
8167-GJLRN,0.31656288467579397,0
6734-GMPVK,0.7195231777349427,1
9227-YBAXE,0.01576739891277818,0
5756-JYOJT,0.12094102690020274,0
0057-QBUQH,0.01356296425685647,0
7613-LLQFO,0.7072584318601688,1
6100-FJZDG,0.04265636248699469,0
3923-CSIHK,0.3064506604672232,0
4587-NUKOX,0.5850817603342122,1
3808-HFKDE,0.30743004631809795,0
5696-CEIQJ,0.036092283256517116,0
0757-WCUUZ,0.019135273028509255,0
8550-XSXUQ,0.09307487415005708,0
6956-SMUCM,0.6030505817711326,1
4854-SSLTN,0.046507406948630314,0
2223-GDSHL,0.05807242764137102,0
8266-VBFQL,0.6533840944307056,1
6797-LNAQX,0.05463578732914508,0
4877-TSOFF,0.048448396486052994,0
1125-SNVCK,0.0783517936410336,0
9530-EHPOH,0.3649552298223297,0
4817-VYYWS,0.6537488816417002,1
7722-CVFXN,0.2426171100885849,0
2667-WYLWJ,0.0994351906441255,0
3727-RJMEO,0.7290501947294744,1
0468-YRPXN,0.44192970583563373,0
0193-ESZXP,0.10943958906435668,0
2074-GKOWZ,0.7175305389769456,1
0191-ZHSKZ,0.2625642164089795,0
3703-KBKZP,0.6046902281592765,1
3254-YRILK,0.6536070860732404,1
9824-BEMCV,0.5590094804021657,1
3724-UCSHY,0.17203788021067928,0
2138-VFAPZ,0.03287807661664864,0
5519-TEEUH,0.03447688288990814,0
2115-BFTIW,0.4005903456724113,0
2232-DMLXU,0.4130115629588104,0
0578-SKVMF,0.48711286717905583,0
1746-TGTWV,0.5476353986484124,1
3398-ZOUAA,0.5289842081682995,1
1965-DDBWU,0.5672203461904657,1
0835-JKADZ,0.08987485186247786,0
4312-GVYNH,0.005509987196303002,0
7969-AULMZ,0.7265874254422575,1
5673-FSSMF,0.6090932149481337,1
0907-HQNTS,0.04752194131062976,0
9774-NRNAU,0.3342428673531333,0
2996-XAUVF,0.0077047167181243945,0
4821-WQOYN,0.0019464134996429285,0
4119-ZYPZY,0.08567301083762398,0
7434-SHXLS,0.21447769187073282,0
9643-AVVWI,0.6070495997661434,1
3038-PQIUY,0.17597477133540854,0
8637-XJIVR,0.5854039072809382,1
6357-JJPQT,0.7108292161439922,1
0247-SLUJI,0.20799614610137324,0
1229-RCALF,0.16710797694022061,0
1498-DQNRX,0.06768887461151278,0
3841-NFECX,0.027503158341387116,0
4719-UMSIY,0.17173139326731068,0
7245-JMTTQ,0.27973422000644915,0
4662-EKDPQ,0.48320229226718725,0
9577-WJVCQ,0.042446859714323146,0
1241-FPMOF,0.004112451572067758,0
9631-XEYKE,0.4090176315178531,0
5181-OABFK,0.011378000453812712,0
8065-YKXKD,0.6910432274239027,1
9392-XBGTD,0.013461381163336946,0
3026-ATZYV,0.06421372050970564,0
1755-RMCXH,0.20364945753313163,0
3221-CJMSG,0.19119837690559974,0
5062-CJJKH,0.08515513789988739,0
7623-TRNQN,0.39411478763392466,0
7815-PDTHL,0.012971767863264585,0
3896-RCYYE,0.05526097536436898,0
4847-TAJYI,0.7296789411306076,1
5075-JSDKI,0.0046019633118653605,0
5018-GWURO,0.3634478421684779,0
5649-ANRML,0.5966114709306034,1
2439-QKJUL,0.1822744557658632,0
1866-RZZQS,0.5790726652751127,1
1448-CYWKC,0.23455084132090248,0
6899-PPEEA,0.620958731455994,1
9134-WYRVP,0.09604224903729425,0
7517-LDMPS,0.6580805105143457,1
1357-BIJKI,0.2915975510266886,0
5759-RCVCB,0.35191880279835425,0
4176-RELJR,0.0025082921605178157,0
3566-CAAYU,0.008400062099371906,0
1187-WILMM,0.018266305599710566,0
9581-GVBXT,0.01410680707034188,0
8668-KNZTI,0.025460666061063467,0
7450-NWRTR,0.7502469228279999,1
7602-DBTOU,0.0017211501174181191,0
3096-WPXBT,0.13485848602069686,0
9637-EIHEQ,0.42260039294155005,0
6141-OOXUQ,0.2077292419571176,0
2498-XLDZR,0.02165640554401268,0
0567-XRHCU,0.00628959217303883,0
3858-VOBET,0.5919166568505435,1
1563-IWQEX,0.1360932563147717,0
8570-KLJYJ,0.056001238398209745,0
6100-QQHEB,0.7066240517750552,1
0082-LDZUE,0.4624009869549777,0
7683-CBDKJ,0.335483066973565,0
7363-QTBIW,0.6850599378705456,1
0206-TBWLC,0.17859543810120232,0
6617-WLBQC,0.19312395577767524,0
0224-RLWWD,0.47456037456743083,0
4549-ZDQYY,0.015135244146725348,0
4238-JSSWH,0.5068202590120188,1
0021-IKXGC,0.731128324070396,1
3786-WOVKF,0.14868548934138306,0
2725-TTRIQ,0.01420548030659375,0
4531-AUZNK,0.14537428495433866,0
8397-MVTAZ,0.6354525258338131,1
2190-BCXEC,0.32090868149603047,0
8461-EFQYM,0.039252975634494314,0
0661-WCQNQ,0.0695547498346617,0
4707-MAXGU,0.002092614455047797,0
0485-ZBSLN,0.0027742724053286673,0
2146-EGVDT,0.002487769633195076,0
5995-WWKKG,0.030608558545192815,0
2987-BJXIK,0.016063471324166922,0
6340-DACFT,0.003968781677022605,0
2516-VQRRV,0.7289956692030128,1
3934-HXCFZ,0.5458095104240135,1
1839-UMACK,0.023555588317168908,0
7929-DMBCV,0.4681401659177241,0
2361-UPSND,0.034957808368670316,0
8879-ZKJOF,0.0651169890988624,0
2662-NNTDK,0.006620277581079965,0
2821-WARNZ,0.009505919110734461,0
2371-JQHZZ,0.6717369609619076,1
5575-TPIZQ,0.32943063506942183,0
8869-LIHMK,0.0632332701256445,0
5802-ADBRC,0.23073167525627208,0
7270-BDIOA,0.579004787689956,1
2675-IJRGJ,0.0035375435979102493,0
2045-BMBTJ,0.1842462426347125,0
3863-QSTYI,0.09150129130257738,0
3627-FCRDW,0.5584151906151935,1
7795-CFOCW,0.020302152646245714,0
9867-JCZSP,0.051150775767019194,0
7580-UGXNC,0.28579469201289315,0
7845-URHJN,0.1500258541229213,0
1154-HYWWO,0.042507059947985155,0
8544-JNBOX,0.002491993313656794,0
0112-QWPNC,0.056537975346449956,0
1031-IIDEO,0.700134936107512,1
7537-CBQUZ,0.3449523255114181,0
5515-AKOAJ,0.4342810130663324,0
3023-GFLBR,0.43330639370461355,0
8086-OVPWV,0.7319345993850442,1
7180-PISOG,0.7461459879486818,1
4376-KFVRS,0.04980300102691297,0
3120-FAZKD,0.006568461589050784,0
6121-VZNQB,0.2691593824349297,0
5144-PQCDZ,0.2470357078629754,0
6563-VRERX,0.024758134508846577,0
5766-ZJYBB,0.2063985127484754,0
2691-NZETQ,0.7291547770140078,1
8851-RAGOV,0.21131508716583236,0
4480-MBMLB,0.3640633735525921,0
7216-EWTRS,0.8076868147731225,1
4670-TABXH,0.0609039114252916,0
0709-TVGUR,0.6913272129290862,1
0236-HFWSV,0.7289723687702705,1
6653-CBBOM,0.6963781221807098,1
7811-JIVPF,0.17395470478503114,0
6838-YAUVY,0.07751855364579406,0
6976-BWGLQ,0.0021933898602366675,0
1093-YSWCA,0.022343544992582277,0
7693-LCKZL,0.7202722480030687,1
3078-ZKNTS,0.031618122088429575,0
9068-VPWQQ,0.01075903817920502,0
9236-NDUCW,0.02231726890505945,0
2226-ICFDO,0.014153140510231449,0
8868-WOZGU,0.6757903364145976,1
3716-BDVDB,0.6880902461844637,1
6741-QRLUP,0.014379336642262618,0
9909-DFRJA,0.1985352653913306,0
9411-TPQQV,0.05157458733829228,0
7114-AEOZE,0.0025884522953588565,0
9114-AAFQH,0.08631643739792257,0
3642-BYHDO,0.0015799539902056068,0
5857-XRECV,0.0873581975421786,0
3733-ZEECP,0.25292305358150785,0
9805-FILKB,0.017267278190510885,0
8985-OOPOS,0.1784139466370184,0
5043-TRZWM,0.6139376489794206,1
5639-NTUPK,0.25734913644043245,0
0661-KBKPA,0.08063922693435245,0
0585-EGDDA,0.38885072499259515,0
2674-MIAHT,0.7105275397007457,1
4821-SJHJV,0.4006308136564435,0
9531-NSBMR,0.02650859918232301,0
8410-BGQXN,0.1852082969110396,0
2770-NSVDG,0.18990314026160687,0
3785-KTYSH,0.005446202788840539,0
1422-DGUBX,0.25219580140735137,0
6250-CGGUN,0.05958709913155853,0
2495-TTHBQ,0.11987105704943128,0
9624-EGDEQ,0.008386068826035244,0
7629-WFGLW,0.08850670599227975,0
1337-BOZWO,0.10839841076006497,0
4530-NDRKU,0.023711769940355048,0
9860-LISIZ,0.05536864707857752,0
3440-JPSCL,0.6458034379354648,1
2675-DHUTR,0.46279720075907965,0
8008-HAWED,0.4506160596333231,0
1766-GKNMI,0.6137102127016918,1
9638-JIQYA,0.41305510208330093,0
4282-ACRXS,0.15467326648983548,0
4065-JJAVA,0.3924023139695554,0
7253-UVNDW,0.010951012208870271,0
9863-JZAIC,0.16635082158226572,0
1565-RHDJD,0.5976557515880222,1
4890-VMUAV,0.0245054406573814,0
7952-OBOYL,0.6164996578369115,1
3536-IQCTX,0.5002070298290965,1
2642-MAWLJ,0.008006929562264764,0
4139-SUGLD,0.07632436342195272,0
8799-OXZMD,0.20759740350107742,0
5140-FOMCQ,0.17509158815966844,0
5968-XQIVE,0.1492948454996672,0
3724-BSCVH,0.06807441291231982,0
9089-UOWJG,0.3448718547959324,0
4423-YLHDV,0.5849441574238314,1
9586-JGQKH,0.08046357688289818,0
5160-UXJED,0.11328584428899413,0
1010-DIAUQ,0.6321959264909993,1
4716-HHKQH,0.5862331519284363,1
7421-ZLUPA,0.3816949016274242,0
9137-NOQKA,0.2123172391839645,0
4057-FKCZK,0.050325791543856864,0
6719-OXYBR,0.5368173079613036,1
9418-RUKPH,0.011260451152935157,0
1508-DFXCU,0.6542263433366746,1
9360-AHGNL,0.22421108338665433,0
5590-BYNII,0.6237255342673831,1
9953-ZMKSM,0.0035858051533295934,0
8107-RZLNV,0.08752826150450918,0
0581-BXBUB,0.5677591432721769,1
4903-UYAVB,0.17857907858550706,0
3537-HPKQT,0.26975125485589313,0
1396-QWFBJ,0.4834384226328165,0
0743-HRVFF,0.06091881753335872,0
5906-DVAPM,0.03996076867010634,0
6376-GAHQE,0.6039492655718416,1
2867-UIMSS,0.664377107746258,1
0106-UGRDO,0.07334006873173225,0
4282-MSACW,0.13596280231206082,0
0942-KOWSM,0.038229980366614486,0
4690-LLKUA,0.33735300062670787,0
6689-TCZHQ,0.6229423343659265,1
9158-VCTQB,0.39131922152800036,0
7217-JYHOQ,0.18245518176862402,0
4822-RVYBB,0.7768909953704664,1
8466-PZBLH,0.03598016911742297,0
3154-HMWUU,0.0038404311741554687,0
6857-TKDJV,0.0026674032555670307,0
6298-QDFNH,0.5945858967348042,1
5219-YIPTK,0.6325307231374635,1
6749-UTDVX,0.09665297188564603,0
5338-YHWYT,0.012283792724756408,0
0318-QUUOB,0.7242804959407178,1
0895-DQHEW,0.48171395845962506,0
2097-YVPKN,0.0033694861596203847,0
7868-BGSZA,0.1255610919559811,0
5726-CVNYA,0.04311637423635315,0
2402-TAIRZ,0.16913022919319784,0
2452-MRMZF,0.0030227864972629265,0
4317-VTEOA,0.49022775098332516,0
9221-OTIVJ,0.7439176425486864,1
9372-TXXPS,0.005311613320968148,0
5569-IDSEY,0.19224822396117416,0
8327-WKMIE,0.017193491185007164,0
0980-PVMRC,0.23093398275081722,0
7548-SEPYI,0.7438591908320961,1
3460-TJBWI,0.01969938796704083,0
8559-CIZFV,0.10159432101364295,0
2937-FTHUR,0.30253158294263466,0
8104-OSKWT,0.5963729954867498,1
5624-BQSSA,0.2147509165667546,0
1080-BWSYE,0.003023108550161396,0
7647-GYYKX,0.00504827215358426,0
2360-RDGRO,0.35471740956153974,0
7672-VFMXZ,0.04205157632929872,0
7074-IEVOJ,0.7270248416039986,1
9399-APLBT,0.6870734761214855,1
0970-ETWGE,0.7571743686661497,1
5697-GOMBF,0.26386643456062825,0
7326-RIGQZ,0.6535157342460023,1
0870-VEMYL,0.18020026871275252,0
1614-JBEBI,0.2184222049438015,0
3892-NXAZG,0.047775290524255054,0
0851-DFJKB,0.16758886489886834,0
7622-FWGEW,0.018699140625120535,0
1679-JRFBR,0.1409931913085063,0
2984-TBYKU,0.03820077497270609,0
8174-TBVCF,0.0206539700089267,0
6686-YPGHK,0.24151149679458023,0
2832-SCUCO,0.21694490018264506,0
8938-UMKPI,0.577892284891448,1
3976-NLDEZ,0.21284365261228808,0
6924-TDGMT,0.08941759975935729,0
3589-PPVKW,0.3821097530064156,0
1075-BGWOH,0.7247849340009519,1
9819-FBNSV,0.37612400732066564,0
7137-NAXML,0.03431957981001565,0
4024-CSNBY,0.027250026188175812,0
3926-YZVVX,0.034727118608495325,0
3961-SXAXY,0.4384269835907388,0
4676-MQUEA,0.19288226761675958,0
6435-SRWBJ,0.641991372398775,1
1237-WIYYZ,0.14684052656090754,0
5433-KYGHE,0.49452741549206225,0
0135-NMXAP,0.6653173079532895,1
4931-TRZWN,0.41075908160886765,0
0248-PGHBZ,0.024574367561546188,0
3487-EARAT,0.013418764309036647,0
8780-IXSTS,0.7411016098527058,1
4881-GQJTW,0.10801729637879898,0
3249-ZPQRG,0.6389955622104997,1
8718-PTMEZ,0.3633423632076108,0
4659-NZRUF,0.601961445823441,1
4526-EXKKN,0.013893430857789638,0
8981-FJGLA,0.6465282288655784,1
5730-DBDSI,0.001958274769677021,0
9820-RMCQV,0.18675896042203688,0
5016-IBERQ,0.5028309537839667,1
6946-LMSQS,0.3302769750782674,0
7416-CKTEP,0.004276668918146076,0
1725-MIMXW,0.2713972942162261,0
4106-HADHQ,0.04575625776124349,0
5071-FBJFS,0.29702257799786785,0
7394-FKDNK,0.6354129767838308,1
8573-CGOCC,0.09890052667181565,0
7673-BQGKU,0.0017409828017139264,0
9073-ZZIAY,0.012918564971758542,0
1506-YJTYT,0.015214395496041689,0
7321-PKUYW,0.569648470330461,1
1977-STDKI,0.6751035161645134,1
0191-EQUUH,0.017027062913294422,0
0595-ITUDF,0.26395992982956795,0
9548-LIGTA,0.016077023590304156,0
2900-PHPLN,0.0021880949245569638,0
1090-ESELR,0.025712068368739637,0
5537-UXXVS,0.08940928333763387,0
3148-BLQJT,0.21014048022502568,0
8972-HJWNV,0.753142144004494,1
3503-TYDAY,0.354085005584596,0
2300-RQGOI,0.007898434039679271,0
3750-YHRYO,0.07727009360498396,0
2004-OCQXK,0.7479063322617905,1
7159-NOKYQ,0.08085088336991615,0
1379-FRVEB,0.6993651535144705,1
2982-IHMFT,0.72864878100817,1
9541-PWTWO,0.03807186251444816,0
4378-BZYFP,0.07019396302267833,0
6668-CNMFP,0.34852765032676913,0
8388-DMKAE,0.03113876705289018,0
4709-LKHYG,0.031156430903696946,0
4495-LHSSK,0.2450180457769636,0
9637-CDTKZ,0.045642795121730854,0
8108-UXRQN,0.31192424888634007,0
1492-KGETH,0.01973180795030998,0
3617-XLSGQ,0.050032334315377104,0
0559-CKHUS,0.016511576740573804,0
2233-FAGXV,0.28992975843053836,0
5366-OBVMR,0.2548214332693825,0
0780-XNZFN,0.0030908016481953674,0
3796-ENZGF,0.013255734932036198,0
1952-DVVSW,0.06647931692965667,0
5919-TMRGD,0.716444131964821,1
3452-ABWRL,0.3942005728586548,0
6522-YRBXD,0.49112145900209137,0
2346-LOCWC,0.002719267179614344,0
3244-CQPHU,0.0481425456431506,0
6741-EGCBI,0.45533740268229683,0
3640-JQGJG,0.2561190224538468,0
4973-RLZVI,0.04604883456379257,0
3744-ZBHON,0.21036371876937435,0
4316-XCSLJ,0.2495828777693492,0
1568-BEKZM,0.011011501608502384,0
9208-OLGAQ,0.6158730187213427,1
7633-MVPUY,0.010394765313733383,0
5917-RYRMG,0.020817615675870517,0
4419-UJMUS,0.07540875916180703,0
2239-CFOUJ,0.09848042170992465,0
1635-HDGFT,0.01917050390405429,0
1485-YDHMM,0.32131879149865955,0
7817-BOQPW,0.7471448416412457,1
8780-IHCRN,0.0029579372239998433,0
9389-ACWBI,0.5130842888758234,1
1346-UFHAX,0.5216061213041925,1
1215-EXRMO,0.0047331123122913875,0
4959-JOSRX,0.4108096836719411,0
0376-OIWME,0.4405171613442594,0
4277-UDIEF,0.21930222073704495,0
2668-TZSPS,0.21203004610301585,0
3898-BSJYF,0.11225844424881933,0
8752-GHJFU,0.07019231830260869,0
3407-QGWLG,0.25799843054854277,0
1602-IJQQE,0.6591506819257237,1
8614-VGMMV,0.41257993654654235,0
0048-PIHNL,0.010662203302044185,0
1866-NXPSP,0.0687976121087626,0
8677-HDZEE,0.391338413116845,0
5076-YVXCM,0.3011417351420415,0
8229-TNIQA,0.44176959623506756,0
2599-CIPQE,0.024427360531161808,0
4957-SREEC,0.0015695991307499958,0
6543-JXSOO,0.06867391070396625,0
4208-UFFGW,0.37090988523088475,0
4667-QONEA,0.02676074169878138,0
3791-LGQCY,0.4542228408517969,0
0128-MKWSG,0.1279997161041981,0
7078-NVFAM,0.1481712427237691,0
2378-VTKDH,0.42209740301512694,0
7407-SUJIZ,0.08297034614962981,0
3137-LUPIX,0.46222408109503416,0
8388-FYNPZ,0.3045024539017407,0
6769-DYBQN,0.2614168823713586,0
9800-OUIGR,0.0018634713443557345,0
0388-EOPEX,0.5995276451407663,1
6557-BZXLQ,0.48135922466937514,0
6133-OZILE,0.25504327893524525,0
9565-AXSMR,0.004082952946678721,0
3104-OWCGK,0.1176918938220338,0
8672-OAUPW,0.019577815837931556,0
1045-LTCYT,0.14206648111275053,0
1897-RCFUM,0.03425981936913606,0
9505-SQFSW,0.4054039053124365,0
3410-MHHUM,0.23444944609072638,0
6910-HADCM,0.6200664328122093,1
0634-SZPQA,0.5178061455281545,1
0117-LFRMW,0.07885928974836333,0
3520-FJGCV,0.04399742406053478,0
6732-FZUGP,0.12756043741429637,0
7228-PAQPD,0.10204008122556253,0
0369-ZGOVK,0.24056537856311883,0
6195-MELTI,0.030427338992313327,0
8414-MYSHR,0.7466925993483711,1
5989-OMNJE,0.09151529714294492,0
6508-NJYRO,0.05158869127829495,0
9150-KPBJQ,0.028010095388899876,0
6439-LAJXL,0.27890490627781983,0
1934-SJVJK,0.21040965969462402,0
1930-WNXSB,0.36083162951036085,0
6323-AYBRX,0.002907729181846782,0
7746-AWNQW,0.17283575488012098,0
5125-CNDSP,0.013191667347612311,0
7563-BIUPC,0.6996279136546962,1
8630-QSGXK,0.036757330678783506,0
8563-IIOXK,0.1756151737305536,0
0409-WTMPL,0.188715609569002,0
1849-RJYIG,0.3714479939760741,0
2057-ZBLPD,0.6789639898496073,1
2884-GBPFB,0.4186760005607908,0
2424-WVHPL,0.5384816151470158,1
4439-JMPMT,0.6373399396287398,1
2856-HYAPG,0.6032464382709684,1
4054-CUMIA,0.15007970122621217,0
1397-XKKWR,0.11898930819828811,0
3930-ZGWVE,0.20826330303439042,0
3258-SANFR,0.2950814491207842,0
5760-FXFVO,0.5613770499331182,1
8963-JLGJT,0.286482130547858,0
5533-RJFTJ,0.08937803751720903,0
7621-VPNET,0.3415893666428982,0
8311-UEUAB,0.025762247742146485,0
5982-PSMKW,0.06163882326656491,0
7921-LMDFQ,0.2065649980368094,0
3097-NQYSN,0.7611904291853097,1
3640-PHQXK,0.6020798884897428,1
6527-PZFPV,0.04382914529554679,0
1925-GMVBW,0.15812691844886526,0
1084-UQCHV,0.5688463573306308,1
7328-OWMOM,0.022096913009261632,0
0930-EHUZA,0.06453243859578696,0
3511-BFTJW,0.0028365226861468604,0
5424-RLQLC,0.4127159404000374,0
2181-TIDSV,0.0025788284608797155,0
9314-IJWSQ,0.6956731109419014,1
3262-EIDHV,0.009078553080253881,0
1023-BQXZE,0.020805880088143974,0
3339-EAQNV,0.14792269508090758,0
0186-CAERR,0.13292034974824252,0
3239-TPHPZ,0.0399466174037498,0
3307-TLCUD,0.17361665746703348,0
0818-OCPZO,0.572381718498158,1
8580-AECUZ,0.7147947187362984,1
8735-NBLWT,0.15686955301983352,0
4514-GFCFI,0.6811458412508561,1
6772-KSATR,0.6872076732525377,1
2474-LCNUE,0.3250616992745745,0
7860-KSUGX,0.006130090385277456,0
2739-CACDQ,0.6038051668348738,1
8735-SDUFN,0.002126432462167444,0
8679-JOEVF,0.24679427274183055,0
2845-KDHVX,0.014416040879470734,0
6519-ZHPXP,0.03392023082833787,0
4422-QVIJA,0.17566878136997555,0
6259-WJQLC,0.4721044425620433,0
1710-RCXUS,0.21048322546950946,0
5442-BXVND,0.0693380979591123,0
9732-EQMWY,0.3757656315899934,0
1047-NNCBF,0.3999507273054669,0
3413-BMNZE,0.3621021660324957,0
8670-ERCJH,0.0351417842258822,0
0556-FJEGU,0.011377462644954693,0
7721-JXEAW,0.08587605737915359,0
2259-OUUSZ,0.14733286056727624,0
1139-WUOAH,0.00987275800149568,0
8429-XIBUM,0.5990217850852582,1
7153-CHRBV,0.021992405547034306,0
7511-YMXVQ,0.49782587775488546,0
3981-QSVQI,0.19969810116039563,0
4853-RULSV,0.04300876024033882,0
4939-KYYPY,0.1976484479503018,0
2990-IAJSV,0.012431804226854627,0
3134-DSHVC,0.03447735304855242,0
9975-GPKZU,0.004498140602005938,0
9128-CPXKI,0.06964929487812778,0
5846-ABOBJ,0.002221895812108875,0
2898-LSJGD,0.15405241260799515,0
4377-VDHYI,0.2500072246601277,0
6092-QZVPP,0.15018100189788192,0
2868-MZAGQ,0.7310475625108008,1
9600-UDOPK,0.5815222388765949,1
2530-ENDWQ,0.07090697844491199,0
2971-SGAFL,0.45227037420950583,0
5039-LZRQT,0.05897210697781402,0
9027-YFHQJ,0.25785779150230276,0
7067-KSAZT,0.2582753927823312,0
4443-EMBNA,0.0023022139521064796,0
7353-YOWFP,0.07599922335554612,0
3662-FXJFO,0.005465123565029832,0
9067-YGSCA,0.005692098566275579,0
8468-FZTOE,0.00934369627270331,0
8887-IPQNC,0.4032188294543084,0
9507-HSMMZ,0.003873310248683951,0
9866-QEVEE,0.6433171036431338,1
3452-SRFEG,0.34298776422865573,0
6715-OFDBP,0.5473725887636343,1
3370-GQEAL,0.49857237005110355,0
0295-QVKPB,0.3386937408800624,0
7148-XZPHA,0.16606949554089148,0
9170-ARBTB,0.008392681270679058,0
5840-NVDCG,0.033199615733899235,0
0550-DCXLH,0.29255907260534436,0
5688-KZTSN,0.17823981724818297,0
0207-MDKNV,0.44213020630262345,0
6072-NUQCB,0.03686937619406839,0
0068-FIGTF,0.09636214646133594,0
2984-RGEYA,0.0017347064385602516,0
0804-XBFBV,0.3047025829828287,0
9465-RWMXL,0.5104950368772677,1
1099-BTKWT,0.028763716421370582,0
5649-RXQTV,0.4350090734618028,0
6507-ZJSUR,0.6320676690832356,1
4123-DVHPH,0.6546279990830576,1
6701-DHKWQ,0.007359730568500378,0
8807-ARQET,0.18501182361002158,0
4412-YLTKF,0.5480843440920856,1
5233-GEEAX,0.40551634071605175,0
1697-LYYYX,0.00540931419638261,0
1142-WACZW,0.2858716385793033,0
8220-OCUFY,0.08828814659914923,0
8015-IHCGW,0.06622609044373103,0
4782-OSFXZ,0.013860422212980218,0
1769-GRUIK,0.5689934541296865,1
9822-WMWVG,0.38967702527389,0
8992-JQYUN,0.5717831976813259,1
7693-QPEFS,0.3038281621693974,0
2277-VWCNI,0.40784785995668654,0
4312-KFRXN,0.0023674386460559604,0
7623-HKYRK,0.17233434817004342,0
0991-BRRFB,0.1911246454411841,0
3908-BLSYF,0.6131768843112304,1
0947-IDHRQ,0.6620439375782573,1
6586-PSJOX,0.08414915181600417,0
4872-JCVCA,0.004572629451953039,0
0224-HJAPT,0.4071086201934918,0
3951-NJCVI,0.5694710087449987,1
6549-NNDYT,0.25509634373846707,0
4891-NLUBA,0.01583433587782601,0
0899-WZRSD,0.3264572342667531,0
6865-JZNKO,0.15316824626416214,0
1976-CFOCS,0.40989225958549746,0
5876-HZVZM,0.23155632296110445,0
3466-WAESX,0.39078199062110547,0
1015-JPFYW,0.07433882812781685,0
8639-NHQEI,0.04507163150225444,0
2927-QRRQV,0.2705878669532613,0
2637-FKFSY,0.45669979183780346,0
9938-ZREHM,0.08989180323188885,0
2868-LLSKM,0.08456843513406545,0
0804-YGEQV,0.026490445342676413,0
1571-SAVHK,0.6745186043859782,1
0027-KWYKW,0.6206900271634002,1
5146-CBVOE,0.44481098318907886,0
6651-RLGGM,0.0031243001228097355,0
4465-VDKIQ,0.4495921382147455,0
6339-YPSAH,0.6251276570898814,1
0867-MKZVY,0.4634209166937888,0
9821-BESNZ,0.18521252645299718,0
6427-FEFIG,0.04869752224268226,0
4476-OSWTN,0.13537261763153524,0
5127-BZENZ,0.0342814500998202,0
9972-NKTFD,0.12716221460509772,0
8859-DZTGQ,0.010135054130008807,0
4115-UMJFQ,0.018102372497061394,0
6108-OQZDQ,0.7777135499797216,1
3173-WSSUE,0.0014459998028108253,0
9985-MWVIX,0.6762264458091004,1
6546-OPBBH,0.020148387387627274,0
1555-HAPSU,0.0019655361433257254,0
2514-GINMM,0.7174310085306109,1
4446-BZKHU,0.46395527233672434,0
5419-CONWX,0.683341370672608,1
9611-CTWIH,0.7444145956684698,1
2202-CUYXZ,0.7163418360099237,1
5204-QZXPU,0.3352458714675245,0
3717-OFRTN,0.1940057470452677,0
7929-SKFGK,0.0372914280249915,0
4763-PGDPO,0.5925250182212777,1
6158-HDPXZ,0.38414740138977843,0
8356-WUAOJ,0.49019534699493733,0
5884-GCYMI,0.5877234365933905,1
9142-KZXOP,0.21005727730791482,0
1016-DJTSV,0.6403967767955732,1
9817-APLHW,0.1894570504541139,0
9185-TQCVP,0.710649141600478,1
3745-HRPHI,0.008135159973521615,0
3836-FZSDJ,0.002345956887290427,0
3638-DIMPH,0.14032501150783702,0
7876-AEHIG,0.026012770295252712,0
0929-PECLO,0.324014273782354,0
9945-PSVIP,0.01899390609071362,0
7609-NRNCA,0.04776013503138949,0
6215-NQCPY,0.6679773232940075,1
1767-CJKBA,0.0031696372971883246,0
2604-XVDAM,0.25884988140739107,0
5334-AFQJB,0.0028605902866824765,0
8495-PRWFH,0.16405508343157418,0
0308-GIQJT,0.10954743877219081,0
5348-CAGXB,0.7022764203611647,1
5174-ITUMV,0.23473331481932933,0
1395-OFUWC,0.07212600581368162,0
4441-NIHPT,0.5942167752065572,1
7021-XSNYE,0.03958155043310983,0
3276-HDUEG,0.732477633909768,1
6784-XYJAE,0.08825273113519287,0
1121-QSIVB,0.15766647655579688,0
0943-ZQPXH,0.4220459124631786,0
8165-ZJRNM,0.002039201500424475,0
4378-MYPGO,0.05183598521469604,0
0880-FVFWF,0.2959763625915576,0
1217-VASWC,0.25714228183399884,0
5766-XQXMQ,0.20331572126728753,0
0774-RMNUW,0.00492910490502749,0
5519-NPHVG,0.7450173941005377,1
3224-DFQNQ,0.05885039402548736,0
1752-OZXFY,0.031726926472122045,0
3672-YITQD,0.5508665846190186,1
7839-NUIAA,0.06318626738975526,0
7919-ZODZZ,0.24978250112362965,0
4830-FAXFM,0.15218599779419706,0
2211-RMNHO,0.015917295839186312,0
3359-DSRKA,0.004503452921214692,0
4634-JLRJT,0.2772052408811126,0
7009-PCARS,0.007731454398363189,0
4883-QICIH,0.4043315982904237,0
9681-OXGVC,0.7896156600852008,1
0909-SDHNU,0.2468167948294947,0
2809-ILCYT,0.0700020016450183,0
7010-ZMVBF,0.10947439200833217,0
9467-ROOLM,0.07783683225308757,0
9796-MVYXX,0.030082138189939274,0
0067-DKWBL,0.38541548360012035,0
9101-NTIXF,0.19939648974585125,0
4360-PNRQB,0.5969706686658919,1
6518-LGAOV,0.545811852795746,1
6114-TCFID,0.03127215640651632,0
9388-ZEYVT,0.042640816990800426,0
4011-ARPHK,0.13845735649789695,0
5141-ZUVBH,0.38433087147689304,0
3696-DFHHB,0.002736351337070287,0
9881-VCZEP,0.2542294172848467,0
3669-WHAFY,0.04938231887374564,0
3996-ZNWYK,0.0014409959752847126,0
4718-DHSMV,0.4009668887514702,0
1406-PUQVY,0.4833434961191282,0
5813-UECBU,0.4410945192103036,0
7503-ZGUZJ,0.7543302016930592,1
9018-PCIOK,0.025208751669170575,0
4806-DXQCE,0.05856290397835718,0
2235-ZGKPT,0.42782601468614473,0
1813-JLKWR,0.0054396421976099976,0
0921-OHLVP,0.5565551870526557,1
8819-WFGGJ,0.010058690355861372,0
2446-BEGGB,0.7690944676604812,1
3795-GWTRD,0.006717557834997051,0
6231-WFGFH,0.25118378847017736,0
7594-RQHXR,0.7332726944668513,1
7950-XWOVN,0.2772915883621124,0
7480-SPLEF,0.003751750108019736,0
6905-NIQIN,0.3801984851034417,0
3058-WQDRE,0.32175361873121583,0
5311-IHLEI,0.23755713369449696,0
6723-WSNTY,0.15133111257800108,0
7251-XFOIL,0.28402265548552047,0
3280-MRDOF,0.048268549707649204,0
7246-ZGQDF,0.2545960715560015,0
6582-PLFUU,0.00366819152040446,0
0219-YTZUE,0.6871454283869047,1
2826-DXLQO,0.23149141416986424,0
0895-LNKRC,0.07751239421004419,0
0390-DCFDQ,0.6783522143567245,1
1357-MVDOZ,0.3836367489712068,0
9054-FOWNV,0.63042768102872,1
0810-BDHAW,0.1390229037585853,0
3269-ATYWD,0.556987140313639,1
6664-FPDAC,0.2667515999507072,0
1996-DBMUS,0.2929972461677449,0
8207-VVMYB,0.0037534295871071545,0
8295-KMENE,0.018408754921037513,0
1455-UGQVH,0.7561241573892395,1
7734-DBOAI,0.3629547154983177,0
7729-XBTWX,0.0031299281506026455,0
7716-YTYHG,0.22877627733814201,0
0265-EDXBD,0.5141950082869564,1
4983-CLMLV,0.35310611707167544,0
1205-WNWPJ,0.3696063823714787,0
6005-OBZPH,0.6062582559897364,1
7855-DIWPO,0.5264981699573943,1
2180-DXNEG,0.6991666998937013,1
7928-VJYAB,0.6298272237596253,1
1626-ERCMM,0.707759903329498,1
2688-BHGOG,0.6809950386760022,1
1098-TDVUQ,0.2529780474334959,0
0013-MHZWF,0.3709910223403967,0
8016-ZMGMO,0.05472492948723437,0
8109-YUOHE,0.08838365486801086,0
3398-FSHON,0.7160104111932531,1
1580-BMCMR,0.5494293904051,1
5842-POCOP,0.6001860893547036,1
3209-ZPKFI,0.1293156726421097,0
7055-JCGNI,0.04400512625357247,0
4183-WCSEP,0.3763705615340493,0
8003-EWNDZ,0.22250970713235146,0
9701-CDXHR,0.20995460066580734,0
2428-HYUNX,0.006996840942942336,0
3199-XGZCY,0.7044314930715148,1
5649-TJHOV,0.19776184444167247,0
8046-DNVTL,0.004603239904544164,0
6695-FRVEC,0.00611205313230737,0
3957-LXOLK,0.6880900267424791,1
4730-AWNAU,0.04165365288120609,0
6994-FGRHH,0.1462107905983837,0
6352-TWCAU,0.5637107766262973,1
8654-DHAOW,0.4249058637643711,0
5386-THSLQ,0.018909576007934477,0
7924-GJZFI,0.5003607673996517,1
1459-QNFQT,0.005218579098318514,0
0074-HDKDG,0.090155247557042,0
4795-UXVCJ,0.02719199192654761,0
7890-VYYWG,0.49025473251073715,0
5275-PMFUT,0.0073217245765460496,0
3158-MOERK,0.8063661296666026,1
0289-IVARM,0.11464334790546926,0
5215-LNLDJ,0.4202334105455565,0
9361-YNQWJ,0.010702684750411482,0
8232-CTLKO,0.011771877878690518,0
9747-DDZOS,0.5547565085781992,1
1513-XNPPH,0.5926336151999516,1
2272-JKMSI,0.22259221397590342,0
5995-LFTLE,0.00542306845256695,0
8292-TYSPY,0.21493006673794396,0
0670-KDOMA,0.27655614206157375,0
6674-KVJHG,0.09001856039891518,0
2753-JMMCV,0.017167788142958395,0
2851-MMUTZ,0.1978452037260204,0
4697-LUPSU,0.09380209037373385,0
7663-RGWBC,0.461192348075007,0
6705-LXORM,0.5787174345730772,1
9752-ZNQUT,0.4728277407356728,0
0877-SDMBN,0.19592922698179827,0
5555-RNPGT,0.16151891189899448,0
4628-CTTLA,0.09098927716878615,0
0516-QREYC,0.11673734452381587,0
5198-HQAEN,0.22014312519441165,0
